name,location,price(in â‚¹),rating,score,total_reviews,link
Himalayan View Hotel - Balcony & Mountain View Rooms,Manali,1230,Exceptional,9.9,8 reviews,https://www.booking.com/hotel/in/kojahotelmanali.html?label=gen173nr-10CAEoggI46AdIM1gEaGyIAQGYATO4ARfIAQzYAQPoAQH4AQGIAgGoAgG4AouYhckGwAIB0gIkZmZkMzMyNTMtYzgwYS00YzNjLWJhMzMtMjUyZjNiNTMwMzJj2AIB4AIB&aid=304142&ucfs=1&arphpl=1&checkin=2025-11-29&checkout=2025-12-01&dest_id=-2103603&dest_type=city&group_adults=2&req_adults=2&no_rooms=1&group_children=0&req_children=0&hpos=1&hapos=1&sr_order=popularity&srpvid=08483ca5c16c4fd0667ce35ef97640bc&srepoch=1763966459&all_sr_blocks=1490321501_420700954_2_0_0&highlighted_blocks=1490321501_420700954_2_0_0&matching_block_id=1490321501_420700954_2_0_0&sr_pri_blocks=1490321501_420700954_2_0_0__123040&from=searchresults
Shivalaya Retreat - A River Side Resort,Manali,3680,Wonderful,9.4,45 reviews,https://www.booking.com/hotel/in/avni-villa.html?label=gen173nr-10CAEoggI46AdIM1gEaGyIAQGYATO4ARfIAQzYAQPoAQH4AQGIAgGoAgG4AouYhckGwAIB0gIkZmZkMzMyNTMtYzgwYS00YzNjLWJhMzMtMjUyZjNiNTMwMzJj2AIB4AIB&aid=304142&ucfs=1&arphpl=1&checkin=2025-11-29&checkout=2025-12-01&dest_id=-2103603&dest_type=city&group_adults=2&req_adults=2&no_rooms=1&group_children=0&req_children=0&hpos=2&hapos=2&sr_order=popularity&srpvid=08483ca5c16c4fd0667ce35ef97640bc&srepoch=1763966459&all_sr_blocks=1387147506_422722156_2_34_0&highlighted_blocks=1387147506_422722156_2_34_0&matching_block_id=1387147506_422722156_2_34_0&sr_pri_blocks=1387147506_422722156_2_34_0__368000&from=searchresults
"Himalayan Fort Resort, Manali - !! Riverside Property !! Big Garden with Campfire !! Guest Preferred !! Scenic River & Mountain View !! Big Parking !! Luxury Balcony Rooms !! Playing Zone !! Property of the Year",Manali,2915,Excellent,8.9,100 reviews,https://www.booking.com/hotel/in/kunal-luxury.html?label=gen173nr-10CAEoggI46AdIM1gEaGyIAQGYATO4ARfIAQzYAQPoAQH4AQGIAgGoAgG4AouYhckGwAIB0gIkZmZkMzMyNTMtYzgwYS00YzNjLWJhMzMtMjUyZjNiNTMwMzJj2AIB4AIB&aid=304142&ucfs=1&arphpl=1&checkin=2025-11-29&checkout=2025-12-01&dest_id=-2103603&dest_type=city&group_adults=2&req_adults=2&no_rooms=1&group_children=0&req_children=0&hpos=3&hapos=3&sr_order=popularity&srpvid=08483ca5c16c4fd0667ce35ef97640bc&srepoch=1763966459&all_sr_blocks=1451338401_422682546_2_1_0&highlighted_blocks=1451338401_422682546_2_1_0&matching_block_id=1451338401_422682546_2_1_0&sr_pri_blocks=1451338401_422682546_2_1_0__291500&from=searchresults
"Hotel Suraj Inn ,near Hadimba Devi Temple ! Rooftop Restaurant ! Personal Parking",Manali,1078,Good,7.9,17 reviews,https://www.booking.com/hotel/in/hampta-view.html?label=gen173nr-10CAEoggI46AdIM1gEaGyIAQGYATO4ARfIAQzYAQPoAQH4AQGIAgGoAgG4AouYhckGwAIB0gIkZmZkMzMyNTMtYzgwYS00YzNjLWJhMzMtMjUyZjNiNTMwMzJj2AIB4AIB&aid=304142&ucfs=1&arphpl=1&checkin=2025-11-29&checkout=2025-12-01&dest_id=-2103603&dest_type=city&group_adults=2&req_adults=2&no_rooms=1&group_children=0&req_children=0&hpos=4&hapos=4&sr_order=popularity&srpvid=08483ca5c16c4fd0667ce35ef97640bc&srepoch=1763966459&all_sr_blocks=1393802901_411304078_2_42_0&highlighted_blocks=1393802901_411304078_2_42_0&matching_block_id=1393802901_411304078_2_42_0&sr_pri_blocks=1393802901_411304078_2_42_0__107800&from=searchresults
Tata Vista Resort Manali - Centrally Heated & Air Cooled luxury room near mall road,"New Manali, Manali",2639,Excellent,8.9,42 reviews,https://www.booking.com/hotel/in/parvati-and-stay.html?label=gen173nr-10CAEoggI46AdIM1gEaGyIAQGYATO4ARfIAQzYAQPoAQH4AQGIAgGoAgG4AouYhckGwAIB0gIkZmZkMzMyNTMtYzgwYS00YzNjLWJhMzMtMjUyZjNiNTMwMzJj2AIB4AIB&aid=304142&ucfs=1&arphpl=1&checkin=2025-11-29&checkout=2025-12-01&dest_id=-2103603&dest_type=city&group_adults=2&req_adults=2&no_rooms=1&group_children=0&req_children=0&hpos=5&hapos=5&sr_order=popularity&srpvid=08483ca5c16c4fd0667ce35ef97640bc&srepoch=1763966459&all_sr_blocks=1451345801_422684226_2_0_0&highlighted_blocks=1451345801_422684226_2_0_0&matching_block_id=1451345801_422684226_2_0_0&sr_pri_blocks=1451345801_422684226_2_0_0__263890&from=searchresults
Bentenwood Cottage - A Beautiful Boutique Cottage away from city hustle,Manali,1528,Exceptional,9.9,21 reviews,https://www.booking.com/hotel/in/kiran-cottage.html?label=gen173nr-10CAEoggI46AdIM1gEaGyIAQGYATO4ARfIAQzYAQPoAQH4AQGIAgGoAgG4AouYhckGwAIB0gIkZmZkMzMyNTMtYzgwYS00YzNjLWJhMzMtMjUyZjNiNTMwMzJj2AIB4AIB&aid=304142&ucfs=1&arphpl=1&checkin=2025-11-29&checkout=2025-12-01&dest_id=-2103603&dest_type=city&group_adults=2&req_adults=2&no_rooms=1&group_children=0&req_children=0&hpos=6&hapos=6&sr_order=popularity&srpvid=08483ca5c16c4fd0667ce35ef97640bc&srepoch=1763966459&all_sr_blocks=1391342001_424069042_2_0_0&highlighted_blocks=1391342001_424069042_2_0_0&matching_block_id=1391342001_424069042_2_0_0&sr_pri_blocks=1391342001_424069042_2_0_0__152845&from=searchresults
"Snow Clad Riverview Hotel & Resort, Manali",Manali,1623,Wonderful,9.3,38 reviews,https://www.booking.com/hotel/in/jagadhar-guest-house.html?label=gen173nr-10CAEoggI46AdIM1gEaGyIAQGYATO4ARfIAQzYAQPoAQH4AQGIAgGoAgG4AouYhckGwAIB0gIkZmZkMzMyNTMtYzgwYS00YzNjLWJhMzMtMjUyZjNiNTMwMzJj2AIB4AIB&aid=304142&ucfs=1&arphpl=1&checkin=2025-11-29&checkout=2025-12-01&dest_id=-2103603&dest_type=city&group_adults=2&req_adults=2&no_rooms=1&group_children=0&req_children=0&hpos=7&hapos=7&sr_order=popularity&srpvid=08483ca5c16c4fd0667ce35ef97640bc&srepoch=1763966459&all_sr_blocks=1390713701_422579674_2_0_0&highlighted_blocks=1390713701_422579674_2_0_0&matching_block_id=1390713701_422579674_2_0_0&sr_pri_blocks=1390713701_422579674_2_0_0__162250&from=searchresults
The Suraj Cottage Manali ! Private Parking ! Bonfire ! Playing Zone ! Near Mall Road,Manali,1320,Exceptional,10,5 reviews,https://www.booking.com/hotel/in/new-suraj-valley.html?label=gen173nr-10CAEoggI46AdIM1gEaGyIAQGYATO4ARfIAQzYAQPoAQH4AQGIAgGoAgG4AouYhckGwAIB0gIkZmZkMzMyNTMtYzgwYS00YzNjLWJhMzMtMjUyZjNiNTMwMzJj2AIB4AIB&aid=304142&ucfs=1&arphpl=1&checkin=2025-11-29&checkout=2025-12-01&dest_id=-2103603&dest_type=city&group_adults=2&req_adults=2&no_rooms=1&group_children=0&req_children=0&hpos=8&hapos=8&sr_order=popularity&srpvid=08483ca5c16c4fd0667ce35ef97640bc&srepoch=1763966459&all_sr_blocks=1503601601_422063683_2_42_0&highlighted_blocks=1503601601_422063683_2_42_0&matching_block_id=1503601601_422063683_2_42_0&sr_pri_blocks=1503601601_422063683_2_42_0__132000&from=searchresults
Sagar Resort - Mountain View Near Mall Road,"Old Manali, Manali",769,Very Good,8.4,24 reviews,https://www.booking.com/hotel/in/ojas-luxury-and-peaceful.html?label=gen173nr-10CAEoggI46AdIM1gEaGyIAQGYATO4ARfIAQzYAQPoAQH4AQGIAgGoAgG4AouYhckGwAIB0gIkZmZkMzMyNTMtYzgwYS00YzNjLWJhMzMtMjUyZjNiNTMwMzJj2AIB4AIB&aid=304142&ucfs=1&arphpl=1&checkin=2025-11-29&checkout=2025-12-01&dest_id=-2103603&dest_type=city&group_adults=2&req_adults=2&no_rooms=1&group_children=0&req_children=0&hpos=9&hapos=9&sr_order=popularity&srpvid=08483ca5c16c4fd0667ce35ef97640bc&srepoch=1763966459&all_sr_blocks=1451341501_422676524_2_0_0&highlighted_blocks=1451341501_422676524_2_0_0&matching_block_id=1451341501_422676524_2_0_0&sr_pri_blocks=1451341501_422676524_2_0_0__76890&from=searchresults
"Woods Villa Cottages Manali - 1,2,3,4 Cottages & Villas Available in manali with scenic mountain view",Manali,2749,Excellent,8.9,247 reviews,https://www.booking.com/hotel/in/royal-kothi-inn.html?label=gen173nr-10CAEoggI46AdIM1gEaGyIAQGYATO4ARfIAQzYAQPoAQH4AQGIAgGoAgG4AouYhckGwAIB0gIkZmZkMzMyNTMtYzgwYS00YzNjLWJhMzMtMjUyZjNiNTMwMzJj2AIB4AIB&aid=304142&ucfs=1&arphpl=1&checkin=2025-11-29&checkout=2025-12-01&dest_id=-2103603&dest_type=city&group_adults=2&req_adults=2&no_rooms=1&group_children=0&req_children=0&hpos=10&hapos=10&sr_order=popularity&srpvid=08483ca5c16c4fd0667ce35ef97640bc&srepoch=1763966459&all_sr_blocks=1213523902_409972122_4_0_0&highlighted_blocks=1213523902_409972122_4_0_0&matching_block_id=1213523902_409972122_4_0_0&sr_pri_blocks=1213523902_409972122_4_0_0__274890&from=searchresults
WooibHotels Royal Respite Manali,"Old Manali, Manali",975,Wonderful,9.3,48 reviews,https://www.booking.com/hotel/in/barkha-manali.html?label=gen173nr-10CAEoggI46AdIM1gEaGyIAQGYATO4ARfIAQzYAQPoAQH4AQGIAgGoAgG4AouYhckGwAIB0gIkZmZkMzMyNTMtYzgwYS00YzNjLWJhMzMtMjUyZjNiNTMwMzJj2AIB4AIB&aid=304142&ucfs=1&arphpl=1&checkin=2025-11-29&checkout=2025-12-01&dest_id=-2103603&dest_type=city&group_adults=2&req_adults=2&no_rooms=1&group_children=0&req_children=0&hpos=11&hapos=11&sr_order=popularity&srpvid=08483ca5c16c4fd0667ce35ef97640bc&srepoch=1763966459&all_sr_blocks=1361533301_410975966_2_2_0&highlighted_blocks=1361533301_410975966_2_2_0&matching_block_id=1361533301_410975966_2_2_0&sr_pri_blocks=1361533301_410975966_2_2_0__97492&from=searchresults
The Manu Emerald #farmhouse #top selling cottage in manali #peaceful heritage cozy stay #lawn with bonfire #most awarded,Manali,1540,Exceptional,9.5,19 reviews,https://www.booking.com/hotel/in/green-view-lodge.html?label=gen173nr-10CAEoggI46AdIM1gEaGyIAQGYATO4ARfIAQzYAQPoAQH4AQGIAgGoAgG4AouYhckGwAIB0gIkZmZkMzMyNTMtYzgwYS00YzNjLWJhMzMtMjUyZjNiNTMwMzJj2AIB4AIB&aid=304142&ucfs=1&arphpl=1&checkin=2025-11-29&checkout=2025-12-01&dest_id=-2103603&dest_type=city&group_adults=2&req_adults=2&no_rooms=1&group_children=0&req_children=0&hpos=12&hapos=12&sr_order=popularity&srpvid=08483ca5c16c4fd0667ce35ef97640bc&srepoch=1763966459&all_sr_blocks=1391847402_422622342_2_0_0&highlighted_blocks=1391847402_422622342_2_0_0&matching_block_id=1391847402_422622342_2_0_0&sr_pri_blocks=1391847402_422622342_2_0_0__154000&from=searchresults
"The 14 Gables, A Boutique Stay - Pet Friendly Hotel - Mountain View",Manali,3245,Wonderful,9.3,186 reviews,https://www.booking.com/hotel/in/the-14-gables.html?label=gen173nr-10CAEoggI46AdIM1gEaGyIAQGYATO4ARfIAQzYAQPoAQH4AQGIAgGoAgG4AouYhckGwAIB0gIkZmZkMzMyNTMtYzgwYS00YzNjLWJhMzMtMjUyZjNiNTMwMzJj2AIB4AIB&aid=304142&ucfs=1&arphpl=1&checkin=2025-11-29&checkout=2025-12-01&dest_id=-2103603&dest_type=city&group_adults=2&req_adults=2&no_rooms=1&group_children=0&req_children=0&hpos=13&hapos=13&sr_order=popularity&srpvid=08483ca5c16c4fd0667ce35ef97640bc&srepoch=1763966459&all_sr_blocks=886438303_397670798_2_0_0_1183800&highlighted_blocks=886438303_397670798_2_0_0_1183800&matching_block_id=886438303_397670798_2_0_0_1183800&sr_pri_blocks=886438303_397670798_2_0_0_1183800_324480&from=searchresults
Treebo Premium Sattva With Mountain View,"New Manali, Manali",2409,Very Good,8.1,117 reviews,https://www.booking.com/hotel/in/sattva-manali-manali.html?label=gen173nr-10CAEoggI46AdIM1gEaGyIAQGYATO4ARfIAQzYAQPoAQH4AQGIAgGoAgG4AouYhckGwAIB0gIkZmZkMzMyNTMtYzgwYS00YzNjLWJhMzMtMjUyZjNiNTMwMzJj2AIB4AIB&aid=304142&ucfs=1&arphpl=1&checkin=2025-11-29&checkout=2025-12-01&dest_id=-2103603&dest_type=city&group_adults=2&req_adults=2&no_rooms=1&group_children=0&req_children=0&hpos=14&hapos=14&sr_order=popularity&srpvid=08483ca5c16c4fd0667ce35ef97640bc&srepoch=1763966459&all_sr_blocks=850664907_397217884_2_0_0_375415&highlighted_blocks=850664907_397217884_2_0_0_375415&matching_block_id=850664907_397217884_2_0_0_375415&sr_pri_blocks=850664907_397217884_2_0_0_375415_240908&from=searchresults
The Ganga Lodge - Affordable Luxury Stay Near Mall Road Manali,"Aleo, Manali",1155,Wonderful,9.2,63 reviews,https://www.booking.com/hotel/in/sushant-motel.html?label=gen173nr-10CAEoggI46AdIM1gEaGyIAQGYATO4ARfIAQzYAQPoAQH4AQGIAgGoAgG4AouYhckGwAIB0gIkZmZkMzMyNTMtYzgwYS00YzNjLWJhMzMtMjUyZjNiNTMwMzJj2AIB4AIB&aid=304142&ucfs=1&arphpl=1&checkin=2025-11-29&checkout=2025-12-01&dest_id=-2103603&dest_type=city&group_adults=2&req_adults=2&no_rooms=1&group_children=0&req_children=0&hpos=15&hapos=15&sr_order=popularity&srpvid=08483ca5c16c4fd0667ce35ef97640bc&srepoch=1763966459&all_sr_blocks=1391854201_422585887_2_0_0&highlighted_blocks=1391854201_422585887_2_0_0&matching_block_id=1391854201_422585887_2_0_0&sr_pri_blocks=1391854201_422585887_2_0_0__115500&from=searchresults
"Sita Hotel & Cottage, Manali - A Boutique Wellness Hotel",Manali,1238,Wonderful,9.0,18 reviews,https://www.booking.com/hotel/in/renuka-luxury-stay.html?label=gen173nr-10CAEoggI46AdIM1gEaGyIAQGYATO4ARfIAQzYAQPoAQH4AQGIAgGoAgG4AouYhckGwAIB0gIkZmZkMzMyNTMtYzgwYS00YzNjLWJhMzMtMjUyZjNiNTMwMzJj2AIB4AIB&aid=304142&ucfs=1&arphpl=1&checkin=2025-11-29&checkout=2025-12-01&dest_id=-2103603&dest_type=city&group_adults=2&req_adults=2&no_rooms=1&group_children=0&req_children=0&hpos=16&hapos=16&sr_order=popularity&srpvid=08483ca5c16c4fd0667ce35ef97640bc&srepoch=1763966459&all_sr_blocks=1451329502_422677122_2_0_0&highlighted_blocks=1451329502_422677122_2_0_0&matching_block_id=1451329502_422677122_2_0_0&sr_pri_blocks=1451329502_422677122_2_0_0__123750&from=searchresults
"Hotel Hadimba palace Sky Mountain View - Near Mall Road , Manali",Manali,1448,Excellent,8.6,158 reviews,https://www.booking.com/hotel/in/sagar-paradise-manali.html?label=gen173nr-10CAEoggI46AdIM1gEaGyIAQGYATO4ARfIAQzYAQPoAQH4AQGIAgGoAgG4AouYhckGwAIB0gIkZmZkMzMyNTMtYzgwYS00YzNjLWJhMzMtMjUyZjNiNTMwMzJj2AIB4AIB&aid=304142&ucfs=1&arphpl=1&checkin=2025-11-29&checkout=2025-12-01&dest_id=-2103603&dest_type=city&group_adults=2&req_adults=2&no_rooms=1&group_children=0&req_children=0&hpos=17&hapos=17&sr_order=popularity&srpvid=08483ca5c16c4fd0667ce35ef97640bc&srepoch=1763966459&all_sr_blocks=953987901_367930338_2_2_0&highlighted_blocks=953987901_367930338_2_2_0&matching_block_id=953987901_367930338_2_2_0&sr_pri_blocks=953987901_367930338_2_2_0__144774&from=searchresults
"The Himalayan Vilo Resort - A Riverside Resort, Manali",Manali,1960,Wonderful,9.1,349 reviews,https://www.booking.com/hotel/in/mountain-view-jagatsukh.html?label=gen173nr-10CAEoggI46AdIM1gEaGyIAQGYATO4ARfIAQzYAQPoAQH4AQGIAgGoAgG4AouYhckGwAIB0gIkZmZkMzMyNTMtYzgwYS00YzNjLWJhMzMtMjUyZjNiNTMwMzJj2AIB4AIB&aid=304142&ucfs=1&arphpl=1&checkin=2025-11-29&checkout=2025-12-01&dest_id=-2103603&dest_type=city&group_adults=2&req_adults=2&no_rooms=1&group_children=0&req_children=0&hpos=18&hapos=18&sr_order=popularity&srpvid=08483ca5c16c4fd0667ce35ef97640bc&srepoch=1763966459&all_sr_blocks=1185289001_402075901_2_1_0&highlighted_blocks=1185289001_402075901_2_1_0&matching_block_id=1185289001_402075901_2_1_0&sr_pri_blocks=1185289001_402075901_2_1_0__196000&from=searchresults
Hotel Hollywood Manali - Scenic River & Mountain View With Premium Rooms Near Mall Road,Manali,2950,Wonderful,9.2,74 reviews,https://www.booking.com/hotel/in/lizima.html?label=gen173nr-10CAEoggI46AdIM1gEaGyIAQGYATO4ARfIAQzYAQPoAQH4AQGIAgGoAgG4AouYhckGwAIB0gIkZmZkMzMyNTMtYzgwYS00YzNjLWJhMzMtMjUyZjNiNTMwMzJj2AIB4AIB&aid=304142&ucfs=1&arphpl=1&checkin=2025-11-29&checkout=2025-12-01&dest_id=-2103603&dest_type=city&group_adults=2&req_adults=2&no_rooms=1&group_children=0&req_children=0&hpos=19&hapos=19&sr_order=popularity&srpvid=08483ca5c16c4fd0667ce35ef97640bc&srepoch=1763966459&all_sr_blocks=1461283001_420119643_2_0_0&highlighted_blocks=1461283001_420119643_2_0_0&matching_block_id=1461283001_420119643_2_0_0&sr_pri_blocks=1461283001_420119643_2_0_0__295000&from=searchresults
Dreamy Destiny Ocean,"New Manali, Manali",1699,Exceptional,9.7,6 reviews,https://www.booking.com/hotel/in/dreamy-destiny.html?label=gen173nr-10CAEoggI46AdIM1gEaGyIAQGYATO4ARfIAQzYAQPoAQH4AQGIAgGoAgG4AouYhckGwAIB0gIkZmZkMzMyNTMtYzgwYS00YzNjLWJhMzMtMjUyZjNiNTMwMzJj2AIB4AIB&aid=304142&ucfs=1&arphpl=1&checkin=2025-11-29&checkout=2025-12-01&dest_id=-2103603&dest_type=city&group_adults=2&req_adults=2&no_rooms=1&group_children=0&req_children=0&hpos=20&hapos=20&sr_order=popularity&srpvid=08483ca5c16c4fd0667ce35ef97640bc&srepoch=1763966459&all_sr_blocks=1500821803_423194508_2_42_0&highlighted_blocks=1500821803_423194508_2_42_0&matching_block_id=1500821803_423194508_2_42_0&sr_pri_blocks=1500821803_423194508_2_42_0__169900&from=searchresults
Hotel Negi's Mayflower A heritage Since 1965,"Old Manali, Manali",7700,Excellent,8.7,438 reviews,https://www.booking.com/hotel/in/mayflower-since-1965.html?label=gen173nr-10CAEoggI46AdIM1gEaGyIAQGYATO4ARfIAQzYAQPoAQH4AQGIAgGoAgG4AouYhckGwAIB0gIkZmZkMzMyNTMtYzgwYS00YzNjLWJhMzMtMjUyZjNiNTMwMzJj2AIB4AIB&aid=304142&ucfs=1&arphpl=1&checkin=2025-11-29&checkout=2025-12-01&dest_id=-2103603&dest_type=city&group_adults=2&req_adults=2&no_rooms=1&group_children=0&req_children=0&hpos=21&hapos=21&sr_order=popularity&srpvid=08483ca5c16c4fd0667ce35ef97640bc&srepoch=1763966459&all_sr_blocks=911955402_416943386_2_42_0&highlighted_blocks=911955402_416943386_2_42_0&matching_block_id=911955402_416943386_2_42_0&sr_pri_blocks=911955402_416943386_2_42_0__770000&from=searchresults
"Himalayan River Resort, Manali- #riverside #private parking #scenic river & mountain view #open cafe # spacious room #big garden with campfire",Manali,2805,Excellent,8.8,21 reviews,https://www.booking.com/hotel/in/vansh-manali.html?label=gen173nr-10CAEoggI46AdIM1gEaGyIAQGYATO4ARfIAQzYAQPoAQH4AQGIAgGoAgG4AouYhckGwAIB0gIkZmZkMzMyNTMtYzgwYS00YzNjLWJhMzMtMjUyZjNiNTMwMzJj2AIB4AIB&aid=304142&ucfs=1&arphpl=1&checkin=2025-11-29&checkout=2025-12-01&dest_id=-2103603&dest_type=city&group_adults=2&req_adults=2&no_rooms=1&group_children=0&req_children=0&hpos=22&hapos=22&sr_order=popularity&srpvid=08483ca5c16c4fd0667ce35ef97640bc&srepoch=1763966459&all_sr_blocks=1411098701_422582767_2_1_0&highlighted_blocks=1411098701_422582767_2_1_0&matching_block_id=1411098701_422582767_2_1_0&sr_pri_blocks=1411098701_422582767_2_1_0__280500&from=searchresults
Hotel Fast Way Manali #Near zingbus #Near Pizzahut #By silverland,"Aleo, Manali",1088,Exceptional,10,5 reviews,https://www.booking.com/hotel/in/fast-way-manali-near-zingbus-near-pizzahut-by-linkway.html?label=gen173nr-10CAEoggI46AdIM1gEaGyIAQGYATO4ARfIAQzYAQPoAQH4AQGIAgGoAgG4AouYhckGwAIB0gIkZmZkMzMyNTMtYzgwYS00YzNjLWJhMzMtMjUyZjNiNTMwMzJj2AIB4AIB&aid=304142&ucfs=1&arphpl=1&checkin=2025-11-29&checkout=2025-12-01&dest_id=-2103603&dest_type=city&group_adults=2&req_adults=2&no_rooms=1&group_children=0&req_children=0&hpos=23&hapos=23&sr_order=popularity&srpvid=08483ca5c16c4fd0667ce35ef97640bc&srepoch=1763966459&all_sr_blocks=1426607402_414242183_2_0_0&highlighted_blocks=1426607402_414242183_2_0_0&matching_block_id=1426607402_414242183_2_0_0&sr_pri_blocks=1426607402_414242183_2_0_0__108780&from=searchresults
"Baragarh Resort & Spa, Manali- IHCL SeleQtions",Manali,20500,Wonderful,9.3,37 reviews,https://www.booking.com/hotel/in/baragarh-villa-manali.html?label=gen173nr-10CAEoggI46AdIM1gEaGyIAQGYATO4ARfIAQzYAQPoAQH4AQGIAgGoAgG4AouYhckGwAIB0gIkZmZkMzMyNTMtYzgwYS00YzNjLWJhMzMtMjUyZjNiNTMwMzJj2AIB4AIB&aid=304142&ucfs=1&arphpl=1&checkin=2025-11-29&checkout=2025-12-01&dest_id=-2103603&dest_type=city&group_adults=2&req_adults=2&no_rooms=1&group_children=0&req_children=0&hpos=24&hapos=24&sr_order=popularity&srpvid=08483ca5c16c4fd0667ce35ef97640bc&srepoch=1763966459&all_sr_blocks=159724310_242901595_2_41_0&highlighted_blocks=159724310_242901595_2_41_0&matching_block_id=159724310_242901595_2_41_0&sr_pri_blocks=159724310_242901595_2_41_0__2050000&from=searchresults
"Hill River Resort By West Western -Property of the Year 2024-25 - Central Heated & Air Cooled, Near Mall Road","Aleo, Manali",3352,Exceptional,9.5,44 reviews,https://www.booking.com/hotel/in/pushpak-manali1.html?label=gen173nr-10CAEoggI46AdIM1gEaGyIAQGYATO4ARfIAQzYAQPoAQH4AQGIAgGoAgG4AouYhckGwAIB0gIkZmZkMzMyNTMtYzgwYS00YzNjLWJhMzMtMjUyZjNiNTMwMzJj2AIB4AIB&aid=304142&ucfs=1&arphpl=1&checkin=2025-11-29&checkout=2025-12-01&dest_id=-2103603&dest_type=city&group_adults=2&req_adults=2&no_rooms=1&group_children=0&req_children=0&hpos=25&hapos=25&sr_order=popularity&srpvid=08483ca5c16c4fd0667ce35ef97640bc&srepoch=1763966459&all_sr_blocks=1091327001_423944182_2_42_0&highlighted_blocks=1091327001_423944182_2_42_0&matching_block_id=1091327001_423944182_2_42_0&sr_pri_blocks=1091327001_423944182_2_42_0__335160&from=searchresults
